date,margin_purchase_money
2024-01-02,248424271000.0
2024-01-03,249224908000.0
2024-01-04,249729179000.0
2024-01-05,248996724000.0
2024-01-08,248150571000.0
2024-01-09,245574757000.0
2024-01-10,244563783000.0
2024-01-11,244054875000.0
2024-01-12,243706399000.0
2024-01-15,245868197000.0
2024-01-16,247524515000.0
2024-01-17,247860934000.0
2024-01-18,247038390000.0
2024-01-19,246672432000.0
2024-01-22,246311316000.0
2024-01-23,247186801000.0
2024-01-24,248790648000.0
2024-01-25,248578208000.0
2024-01-26,247462895000.0
2024-01-29,247456105000.0
2024-01-30,247968595000.0
2024-01-31,247990488000.0
2024-02-01,246789368000.0
2024-02-02,246644704000.0
2024-02-05,244814252000.0
2024-02-15,245573792000.0
2024-02-16,247787773000.0
2024-02-19,250961873000.0
2024-02-20,252605441000.0
2024-02-21,254128306000.0
2024-02-22,255220537000.0
2024-02-23,253636821000.0
2024-02-26,256076413000.0
2024-02-27,254711190000.0
2024-02-29,257050729000.0
2024-03-01,257180305000.0
2024-03-04,258584531000.0
2024-03-05,259427370000.0
2024-03-06,260731246000.0
2024-03-07,260291774000.0
2024-03-08,255485990000.0
2024-03-11,259204020000.0
2024-03-12,265284534000.0
2024-03-13,263637637000.0
2024-03-14,263153321000.0
2024-03-15,266198701000.0
2024-03-18,269745664000.0
2024-03-19,272006801000.0
2024-03-20,273262861000.0
2024-03-21,277077501000.0
2024-03-22,277985694000.0
2024-03-25,279508015000.0
2024-03-26,276395122000.0
2024-03-27,279423806000.0
2024-03-28,280891238000.0
2024-03-29,276822302000.0
2024-04-01,279105823000.0
2024-04-02,281265696000.0
2024-04-03,282880501000.0
2024-04-08,283664720000.0
2024-04-09,284596762000.0
2024-04-10,284238447000.0
2024-04-11,284108496000.0
2024-04-12,286582653000.0
2024-04-15,285703671000.0
2024-04-16,279599862000.0
2024-04-17,283729847000.0
2024-04-18,285642609000.0
2024-04-19,282037111000.0
2024-04-22,277592877000.0
2024-04-23,277097621000.0
2024-04-24,279213827000.0
2024-04-25,280494004000.0
2024-04-26,281954935000.0
2024-04-29,282639311000.0
2024-04-30,283890973000.0
2024-05-02,287091200000.0
2024-05-03,287756416000.0
2024-05-06,289184522000.0
2024-05-07,289186701000.0
2024-05-08,290416728000.0
2024-05-09,289983074000.0
2024-05-10,291968216000.0
2024-05-13,289574837000.0
2024-05-14,290846460000.0
2024-05-15,289642159000.0
2024-05-16,289973804000.0
2024-05-17,290847960000.0
2024-05-20,290049785000.0
2024-05-21,290441319000.0
2024-05-22,291609298000.0
2024-05-23,291610473000.0
2024-05-24,293822343000.0
2024-05-27,298574843000.0
2024-05-28,298557388000.0
2024-05-29,298691555000.0
2024-05-30,299032337000.0
2024-05-31,299532435000.0
2024-06-03,301237821000.0
2024-06-04,300628955000.0
2024-06-05,302355018000.0
2024-06-06,303619654000.0
2024-06-07,304633093000.0
2024-06-11,303408228000.0
2024-06-12,303614391000.0
2024-06-13,304361363000.0
2024-06-14,306531783000.0
2024-06-17,307628696000.0
2024-06-18,308114023000.0
2024-06-19,309452784000.0
2024-06-20,311708725000.0
2024-06-21,315207621000.0
2024-06-24,315220677000.0
2024-06-25,317177342000.0
2024-06-26,317565136000.0
2024-06-27,317982947000.0
2024-06-28,317993692000.0
2024-07-01,320183294000.0
2024-07-02,321957358000.0
2024-07-03,325382912000.0
2024-07-04,326590178000.0
2024-07-05,328575653000.0
2024-07-08,330689243000.0
2024-07-09,328711597000.0
2024-07-10,331985335000.0
2024-07-11,334542120000.0
2024-07-12,333684925000.0
2024-07-15,335092411000.0
2024-07-16,335880055000.0
2024-07-17,340495549000.0
2024-07-18,340041155000.0
2024-07-19,336866469000.0
2024-07-22,331601598000.0
2024-07-23,328897658000.0
2024-07-26,331849533000.0
2024-07-29,325475169000.0
2024-07-30,325946717000.0
2024-07-31,328853507000.0
2024-08-01,329197935000.0
2024-08-02,325855472000.0
2024-08-05,307568708000.0
2024-08-06,291262041000.0
2024-08-07,291654137000.0
2024-08-08,293751576000.0
2024-08-09,294958954000.0
2024-08-12,293030367000.0
2024-08-13,293914933000.0
2024-08-14,292831503000.0
2024-08-15,293476780000.0
2024-08-16,293361035000.0
2024-08-19,295418617000.0
2024-08-20,295625821000.0
2024-08-21,297064799000.0
2024-08-22,297607949000.0
2024-08-23,300682540000.0
2024-08-26,302464712000.0
2024-08-27,305042854000.0
2024-08-28,307733658000.0
2024-08-29,311020596000.0
2024-08-30,312261557000.0
2024-09-02,313253489000.0
2024-09-03,313696428000.0
2024-09-04,309735143000.0
2024-09-05,310139829000.0
2024-09-06,309619895000.0
2024-09-09,310998167000.0
2024-09-10,309023332000.0
2024-09-11,309173005000.0
2024-09-12,309706609000.0
2024-09-13,311140460000.0
2024-09-16,312272835000.0
2024-09-18,313122707000.0
2024-09-19,313550801000.0
2024-09-20,312311731000.0
2024-09-23,312767216000.0
2024-09-24,313757764000.0
2024-09-25,314113921000.0
2024-09-26,313195882000.0
2024-09-27,313272604000.0
2024-09-30,316576056000.0
2024-10-01,317042572000.0
2024-10-04,317287821000.0
2024-10-07,318935873000.0
2024-10-08,320397965000.0
2024-10-09,319321854000.0
2024-10-11,319102025000.0
2024-10-14,319539948000.0
2024-10-15,320019575000.0
2024-10-16,322938236000.0
2024-10-17,324936607000.0
2024-10-18,322282075000.0
2024-10-21,323009176000.0
2024-10-22,325455228000.0
2024-10-23,327082648000.0
2024-10-24,326043754000.0
2024-10-25,326961558000.0
2024-10-28,325668918000.0
2024-10-29,324572308000.0
2024-10-30,325848781000.0
2024-11-01,325833120000.0
2024-11-04,326831753000.0
2024-11-05,326564786000.0
2024-11-06,327205349000.0
2024-11-07,329914462000.0
2024-11-08,328677500000.0
2024-11-11,328850933000.0
2024-11-12,326533679000.0
2024-11-13,327772341000.0
2024-11-14,326045610000.0
2024-11-15,326051673000.0
2024-11-18,321930102000.0
2024-11-19,322822398000.0
2024-11-20,322708274000.0
2024-11-21,324387630000.0
2024-11-22,325025883000.0
2024-11-25,326737650000.0
2024-11-26,327107468000.0
2024-11-27,324783934000.0
2024-11-28,320172537000.0
2024-11-29,322530203000.0
2024-12-02,323601502000.0
2024-12-03,324153588000.0
2024-12-04,325445363000.0
2024-12-05,328095552000.0
2024-12-06,328557734000.0
2024-12-09,330172749000.0
2024-12-10,328048331000.0
2024-12-11,327759848000.0
2024-12-12,327707322000.0
2024-12-13,324164354000.0
2024-12-16,320204766000.0
2024-12-17,320885324000.0
2024-12-18,322704819000.0
2024-12-19,323617443000.0
2024-12-20,324670318000.0
2024-12-23,323358374000.0
2024-12-24,323230685000.0
2024-12-25,324809147000.0
2024-12-26,326328530000.0
2024-12-27,325477253000.0
2024-12-30,326441023000.0
2024-12-31,327558296000.0
2025-01-02,329543807000.0
2025-01-03,327869937000.0
2025-01-06,329747315000.0
2025-01-07,329173490000.0
2025-01-08,330129522000.0
2025-01-09,325643838000.0
2025-01-10,323066309000.0
2025-01-13,315535016000.0
2025-01-14,314958672000.0
2025-01-15,314732916000.0
2025-01-16,312466298000.0
2025-01-17,309772573000.0
2025-01-20,309018640000.0
2025-01-21,307774487000.0
2025-01-22,305287551000.0
2025-02-03,305187136000.0
2025-02-04,305710074000.0
2025-02-05,305601281000.0
2025-02-06,305934753000.0
2025-02-07,306034473000.0
2025-02-10,308721920000.0
2025-02-11,309154193000.0
2025-02-12,311523857000.0
2025-02-13,313023678000.0
2025-02-14,313574044000.0
2025-02-17,314922889000.0
2025-02-18,316399005000.0
2025-02-19,319292844000.0
2025-02-20,321311666000.0
2025-02-21,321783865000.0
2025-02-24,323434570000.0
2025-02-25,324483022000.0
2025-02-26,325413294000.0
2025-02-27,324284623000.0
2025-03-03,324050396000.0
2025-03-04,326111501000.0
2025-03-05,328033352000.0
2025-03-06,328609499000.0
2025-03-07,327851463000.0
2025-03-10,327246302000.0
2025-03-11,325806691000.0
2025-03-12,327694493000.0
2025-03-13,326414588000.0
2025-03-14,325694534000.0
2025-03-17,325360733000.0
2025-03-18,324691148000.0
2025-03-19,324290100000.0
2025-03-20,324238426000.0
2025-03-21,324119474000.0
2025-03-24,323759132000.0
2025-03-25,322275801000.0
2025-03-26,321865442000.0
2025-03-27,321121581000.0
2025-03-28,316022604000.0
2025-03-31,300314124000.0
2025-04-01,298958157000.0
2025-04-02,298816651000.0
2025-04-07,285252992000.0
2025-04-08,256789020000.0
2025-04-09,223785029000.0
2025-04-10,222431725000.0
2025-04-11,213955822000.0
2025-04-14,212803927000.0
2025-04-15,213994817000.0
2025-04-16,214549780000.0
2025-04-17,216020028000.0
2025-04-18,215979291000.0
2025-04-21,212486669000.0
2025-04-22,210932049000.0
2025-04-23,210393071000.0
2025-04-24,210093888000.0
2025-04-25,208844606000.0
2025-04-28,208154193000.0
2025-04-29,209008974000.0
2025-04-30,209669672000.0
2025-05-02,209351182000.0
2025-05-05,208867379000.0
2025-05-06,209482846000.0
2025-05-07,209439756000.0
2025-05-08,209567416000.0
2025-05-09,209817781000.0
2025-05-12,210111994000.0
2025-05-13,210508471000.0
2025-05-14,212011750000.0
2025-05-15,213312394000.0
2025-05-16,216410527000.0
2025-05-19,216535926000.0
2025-05-20,217435458000.0
2025-05-21,217856446000.0
2025-05-22,220045068000.0
2025-05-23,219546355000.0
2025-05-26,220657750000.0
2025-05-27,220599614000.0
2025-05-28,220246367000.0
2025-05-29,221181413000.0
2025-06-02,221528741000.0
2025-06-03,221857705000.0
2025-06-04,222950998000.0
2025-06-05,222431847000.0
2025-06-06,222353111000.0
2025-06-09,222414142000.0
2025-06-10,220627683000.0
2025-06-11,222185864000.0
2025-06-12,223680596000.0
2025-06-13,223309479000.0
2025-06-16,224418003000.0
2025-06-17,224287636000.0
2025-06-18,224753502000.0
2025-06-19,225036136000.0
2025-06-20,224123342000.0
2025-06-23,224437558000.0
2025-06-24,224318492000.0
2025-06-25,224189539000.0
2025-06-26,224719022000.0
2025-06-27,225228402000.0
2025-06-30,226292649000.0
2025-07-01,225161417000.0
2025-07-02,225315996000.0
2025-07-03,225841159000.0
2025-07-04,223751212000.0
2025-07-07,221554232000.0
2025-07-08,222090108000.0
2025-07-09,222618366000.0
2025-07-10,224196382000.0
2025-07-11,224058848000.0
2025-07-14,224437905000.0
2025-07-15,226722755000.0
2025-07-16,226872563000.0
2025-07-17,227981188000.0
2025-07-18,228111365000.0
2025-07-21,229477188000.0
2025-07-22,224554075000.0
2025-07-23,227983846000.0
2025-07-24,229227323000.0
2025-07-25,229580905000.0
2025-07-28,230048512000.0
2025-07-29,229520930000.0
2025-07-30,229782020000.0
2025-07-31,231315484000.0
2025-08-01,232588286000.0
2025-08-04,233410481000.0
2025-08-05,235386924000.0
2025-08-06,236036183000.0
2025-08-07,237514928000.0
2025-08-08,238613969000.0
2025-08-11,242509549000.0
2025-08-12,243266443000.0
2025-08-13,242383930000.0
2025-08-14,245037336000.0
2025-08-15,248323607000.0
2025-08-18,249893217000.0
2025-08-19,250196431000.0
2025-08-20,248938691000.0
2025-08-21,251706436000.0
2025-08-22,251544566000.0
2025-08-25,253933965000.0
2025-08-26,255260819000.0
2025-08-27,258305814000.0
2025-08-28,260232173000.0
2025-08-29,262327206000.0
2025-09-01,259146921000.0
2025-09-02,259012511000.0
2025-09-03,261032905000.0
2025-09-04,261541660000.0
2025-09-05,264481986000.0
2025-09-08,266510445000.0
2025-09-09,267537039000.0
2025-09-10,269963070000.0
2025-09-11,265854797000.0
2025-09-12,265614897000.0
2025-09-15,264210665000.0
2025-09-16,265856690000.0
2025-09-17,264869230000.0
2025-09-18,266808583000.0
2025-09-19,268834779000.0
2025-09-22,272458389000.0
2025-09-23,272801313000.0
2025-09-24,274650726000.0
2025-09-25,275265205000.0
2025-09-26,271547451000.0
2025-09-30,275429759000.0
2025-10-01,276237290000.0
2025-10-02,278985046000.0
2025-10-03,281879929000.0
2025-10-07,283226480000.0
2025-10-08,283589136000.0
2025-10-09,285612707000.0
2025-10-13,283166811000.0
2025-10-14,275345144000.0
2025-10-15,280251490000.0
2025-10-16,285280494000.0
2025-10-17,285198688000.0
2025-10-20,289524473000.0
2025-10-21,290984087000.0
2025-10-22,292885334000.0
2025-10-23,292588808000.0
2025-10-27,295984232000.0
2025-10-28,296373285000.0
2025-10-29,300589167000.0
2025-10-30,298392447000.0
2025-10-31,301750958000.0
2025-11-03,304336086000.0
2025-11-04,300318118000.0
2025-11-05,302885861000.0
2025-11-06,307908099000.0
2025-11-07,307760690000.0
2025-11-10,310128798000.0
2025-11-11,309815189000.0
2025-11-12,312952699000.0
2025-11-13,313950396000.0
2025-11-14,311008013000.0
2025-11-17,311090494000.0
2025-11-18,306328571000.0
2025-11-19,306204612000.0
2025-11-20,309665154000.0
2025-11-21,303707617000.0
2025-11-24,306380271000.0
2025-11-25,311368884000.0
2025-11-26,311060645000.0
2025-11-27,314005988000.0
2025-11-28,317182219000.0
2025-12-01,319360271000.0
2025-12-02,319737013000.0
2025-12-03,321425021000.0
2025-12-04,322826443000.0
2025-12-05,322916644000.0
2025-12-08,324739391000.0
2025-12-09,326884262000.0
2025-12-10,327694562000.0
2025-12-11,326671838000.0
2025-12-12,329349582000.0
2025-12-15,331859338000.0
2025-12-16,328789479000.0
2025-12-17,332174898000.0
2025-12-18,332380151000.0
2025-12-19,333308741000.0
2025-12-22,335196079000.0
2025-12-23,337588452000.0
2025-12-24,338902814000.0
2025-12-26,340337126000.0
2025-12-29,339886882000.0
2025-12-30,341367756000.0
2025-12-31,343409624000.0
2026-01-02,346634298000.0
2026-01-05,350948272000.0
2026-01-06,354549156000.0
2026-01-07,357058834000.0
2026-01-08,352387558000.0
2026-01-09,351492667000.0
2026-01-12,356489999000.0
2026-01-13,355638826000.0
2026-01-14,358452806000.0
2026-01-15,359299228000.0
2026-01-16,363391797000.0
2026-01-19,369415656000.0
2026-01-20,371225738000.0
2026-01-21,367750150000.0
2026-01-22,371734427000.0
2026-01-23,376076978000.0
2026-01-26,381580658000.0
2026-01-27,382728015000.0
2026-01-28,384920473000.0
2026-01-29,381778070000.0
2026-01-30,383893252000.0
2026-02-02,378848321000.0
2026-02-03,382125198000.0
2026-02-04,384045976000.0
2026-02-05,382917747000.0
2026-02-06,373990690000.0
2026-02-09,375470000000.0
2026-02-10,372586424000.0
2026-02-11,368046780000.0
2026-02-23,372155937000.0
2026-02-24,377495245000.0
2026-02-25,383127012000.0
2026-02-26,389861168000.0
2026-03-02,391622964000.0
2026-03-03,384358166000.0
2026-03-04,376616380000.0
2026-03-05,379166593000.0
2026-03-06,382683605000.0
2026-03-09,371960474000.0
2026-03-10,368236339000.0
2026-03-11,376148010000.0
2026-03-12,379366977000.0
2026-03-13,385446747000.0
2026-03-16,392284076000.0
2026-03-17,393467031000.0
2026-03-18,399772079000.0
2026-03-19,402095986000.0
2026-03-20,398591129000.0
2026-03-23,393333803000.0
2026-03-24,390102627000.0
2026-03-25,395499028000.0
2026-03-26,391136615000.0
2026-03-27,393722769000.0
2026-03-30,392708646000.0
2026-03-31,381724855000.0
2026-04-01,384907899000.0
2026-04-02,385200709000.0
2026-04-07,387735006000.0
2026-04-08,394820817000.0
2026-04-09,396518145000.0
2026-04-10,401240705000.0
2026-04-13,408651307000.0
2026-04-14,414955067000.0
2026-04-15,416253785000.0
2026-04-16,422408757000.0
2026-04-17,427120349000.0
2026-04-20,429830661000.0
2026-04-21,433163894000.0
2026-04-22,438545241000.0
2026-04-23,430827021000.0
2026-04-24,440907083000.0
2026-04-27,452044394000.0
2026-04-28,457109757000.0
2026-04-29,460963803000.0
2026-04-30,460904578000.0
2026-05-04,470393584000.0
2026-05-05,475145292000.0
2026-05-06,475648471000.0
2026-05-07,482664170000.0
2026-05-08,477184758000.0
2026-05-11,484592746000.0
2026-05-12,491194951000.0
2026-05-13,494418035000.0
2026-05-14,499134844000.0
2026-05-15,492797137000.0
2026-05-18,501619604000.0
2026-05-19,496887083000.0
2026-05-20,502079185000.0
2026-05-21,511154475000.0
2026-05-22,522289307000.0
2026-05-25,530476074000.0
2026-05-26,534592623000.0
2026-05-27,536269185000.0
2026-05-28,535029538000.0
2026-05-29,556359646000.0
2026-06-01,565779103000.0
2026-06-02,566970793000.0
2026-06-03,568395323000.0
2026-06-04,572635940000.0
2026-06-05,566649267000.0
2026-06-08,551012201000.0
2026-06-09,563876896000.0
2026-06-10,546811625000.0
2026-06-11,549176982000.0
2026-06-12,557027949000.0
2026-06-15,571907094000.0
2026-06-16,571307649000.0
2026-06-17,583911936000.0
2026-06-18,593046547000.0
2026-06-22,605041591000.0
2026-06-23,593929137000.0
2026-06-24,607456271000.0
2026-06-25,611000560000.0
2026-06-26,590925882000.0
2026-06-29,594229687000.0
2026-06-30,611652207000.0
2026-07-01,609502407000.0
2026-07-02,620837289000.0
2026-07-03,630812485000.0
2026-07-06,631344856000.0
2026-07-07,610945256000.0
2026-07-08,613815725000.0
2026-07-09,619648244000.0
2026-07-13,618299040000.0
2026-07-14,604034106000.0
2026-07-15,615368175000.0
2026-07-16,615575992000.0
2026-07-17,587962513000.0
2026-07-20,569035788000.0
2026-07-21,576496237000.0
2026-07-22,582823505000.0
2026-07-23,582626351000.0
2026-07-24,577059537000.0
2026-07-27,568663454000.0
2026-07-28,545534811000.0
2026-07-29,507011173000.0
2026-07-30,493867294000.0
2026-07-31,507462771000.0
2026-08-03,514755393000.0
2026-08-04,521134665000.0
2026-08-05,523492321000.0
2026-08-06,532804981000.0
2026-08-07,537664510000.0
2026-08-10,545295561000.0
2026-08-11,544151977000.0
2026-08-12,548083912000.0
